{
  "data": [
    {
      "data": [
        {
          "addList": [],
          "legend": "互联网",
          "valueList": [
            585345,
            525372,
            477611,
            502748,
            529208,
            557061,
            586380,
            617243,
            649729,
            683925,
            621750,
            654474
          ]
        },
        {
          "addList": [],
          "legend": "金融机构",
          "valueList": [
            60276,
            54564,
            50537,
            44776,
            33718,
            37598,
            31682,
            45981,
            50506,
            38701,
            54954,
            38898
          ]
        },
        {
          "addList": [],
          "legend": "旅游相关",
          "valueList": [
            162988,
            151491,
            134753,
            122372,
            96410,
            122537,
            139513,
            127382,
            176191,
            97123,
            161546,
            107942
          ]
        },
        {
          "addList": [],
          "legend": "第三方",
          "valueList": [
            430890,
            420380,
            400290,
            442410,
            392531,
            371085,
            411668,
            454388,
            499355,
            382048,
            514808,
            384008
          ]
        }
      ],
      "nameList": [
        "2020年12月",
        "2021年01月",
        "2021年02月",
        "2021年03月",
        "2021年04月",
        "2021年05月",
        "2021年06月",
        "2021年07月",
        "2021年08月",
        "2021年09月",
        "2021年10月",
        "2021年11月"
      ]
    }
  ],
  "msg": "成功",
  "status": 200
}
