{
  "data": [
    {
      "data": [
        {
          "addList": [],
          "legend": "已清洗数据量",
          "valueList": [
            8780,
            7881,
            7164,
            7541,
            7938,
            8356,
            8796,
            9259,
            9746,
            10259,
            9326,
            9817
          ]
        },
        {
          "addList": [],
          "legend": "异常数据量",
          "valueList": [
            7024,
            6304,
            5731,
            6033,
            6351,
            6685,
            7037,
            7407,
            7797,
            8207,
            7461,
            7854
          ]
        }
      ],
      "nameList": [
        "2020年12月",
        "2021年01月",
        "2021年02月",
        "2021年03月",
        "2021年04月",
        "2021年05月",
        "2021年06月",
        "2021年07月",
        "2021年08月",
        "2021年09月",
        "2021年10月",
        "2021年11月"
      ]
    }
  ],
  "msg": "成功",
  "status": 200
}
