{
  "data": [
    {
      "name": [
        "数据源接入数量",
        "数据源头",
        "占用空间"
      ],
      "value":["1,185,323 条","72 个","15.0109 G"]
    },
    {
      "name": [
        "清洗数据量",
        "稽核数量",
        "稽核种类"
      ],
      "value":["17,670 条","1,146,424 条","83"]
    },
    {
      "name": [
        "新增数据量",
        "模型数据量",
        "占用空间"
      ],
      "value":["1,124,293 条","71 个","15.0109 G"]
    },
    {
      "name": [
        "服务接口调用量",
        "服务接口数量",
        "外部接口数量"
      ],
      "value":["78,643 次","111 个","168 个"]
    }
  ],
  "msg": "成功",
  "status": 200
}
