{
  "data": [
    {
      "x": "客流监测",
      "y1": "17.44",
      "y": 60
    },
    {
      "x": "服务监测",
      "y1": "12.79",
      "y": 44
    },
    {
      "x": "决策辅助",
      "y1": "2.61",
      "y": 9
    },
    {
      "x": "领导驾驶舱",
      "y1": "7.26",
      "y": 25
    },
    {
      "x": "消费总览",
      "y1": "28.19",
      "y": 97
    },
    {
      "x": "产业监测",
      "y1": "4.06",
      "y": 14
    },
    {
      "x": "主题分析",
      "y1": "27.62",
      "y": 95
    }
  ],
  "msg": "成功",
  "status": 200
}
