{
  "data": [
    {
      "data": [
        {
          "addList": [],
          "legend": "客流监测",
          "valueList": [
            630,
            599,
            664,
            684,
            650,
            722,
            685,
            706,
            784,
            745,
            767,
            851
          ]
        },
        {
          "addList": [],
          "legend": "服务监测",
          "valueList": [
            148,
            141,
            156,
            161,
            153,
            170,
            161,
            166,
            184,
            175,
            180,
            200
          ]
        },
        {
          "addList": [],
          "legend": "决策辅助",
          "valueList": [
            90,
            86,
            95,
            98,
            93,
            103,
            98,
            101,
            112,
            106,
            110,
            122
          ]
        },
        {
          "addList": [],
          "legend": "领导驾驶舱",
          "valueList": [
            21,
            20,
            22,
            23,
            22,
            24,
            23,
            24,
            26,
            25,
            26,
            28
          ]
        },
        {
          "addList": [],
          "legend": "消费总览",
          "valueList": [
            789,
            750,
            832,
            857,
            814,
            904,
            858,
            884,
            982,
            932,
            960,
            1066
          ]
        },
        {
          "addList": [],
          "legend": "产业监测",
          "valueList": [
            78,
            74,
            82,
            85,
            80,
            89,
            85,
            87,
            97,
            92,
            95,
            105
          ]
        },
        {
          "addList": [],
          "legend": "主题分析",
          "valueList": [
            215,
            204,
            227,
            234,
            222,
            246,
            234,
            241,
            267,
            254,
            262,
            290
          ]
        }
      ],
      "nameList": [
        "2021年11月",
        "2021年10月",
        "2021年09月",
        "2021年08月",
        "2021年07月",
        "2021年06月",
        "2021年05月",
        "2021年04月",
        "2021年03月",
        "2021年02月",
        "2021年01月",
        "2020年12月"
      ]
    }
  ],
  "msg": "成功",
  "status": 200
}
